{
  "main": {
    "id": "28518f8af90edc8d",
    "type": "split",
    "children": [
      {
        "id": "9aae69628fb5c6d6",
        "type": "tabs",
        "children": [
          {
            "id": "0a3282c74ce767a4",
            "type": "leaf",
            "state": {
              "type": "bases",
              "state": {
                "file": "Untitled.base",
                "viewName": "Table"
              },
              "icon": "lucide-table",
              "title": "Untitled"
            }
          }
        ]
      }
    ],
    "direction": "vertical"
  },
  "left": {
    "id": "0cf522d5045438d4",
    "type": "split",
    "children": [
      {
        "id": "960ec89eebdb7c2d",
        "type": "tabs",
        "dimension": 74.35137138621201,
        "children": [
          {
            "id": "afe992d23c04a742",
            "type": "leaf",
            "state": {
              "type": "file-explorer",
              "state": {
                "sortOrder": "alphabetical",
                "autoReveal": false
              },
              "icon": "lucide-folder-closed",
              "title": "Files"
            }
          },
          {
            "id": "645cab5920b599f4",
            "type": "leaf",
            "state": {
              "type": "search",
              "state": {
                "query": "",
                "matchingCase": false,
                "explainSearch": false,
                "collapseAll": false,
                "extraContext": false,
                "sortOrder": "alphabetical"
              },
              "icon": "lucide-search",
              "title": "Search"
            }
          },
          {
            "id": "c1461ef65b34be56",
            "type": "leaf",
            "state": {
              "type": "bookmarks",
              "state": {},
              "icon": "lucide-bookmark",
              "title": "Bookmarks"
            }
          }
        ]
      },
      {
        "id": "5c53365dd02c7a8c",
        "type": "tabs",
        "dimension": 25.648628613787995,
        "children": [
          {
            "id": "98b07d32debd9ef1",
            "type": "leaf",
            "state": {
              "type": "recent-files",
              "state": {},
              "icon": "clock",
              "title": "Recent Files"
            }
          }
        ]
      }
    ],
    "direction": "horizontal",
    "width": 377.5
  },
  "right": {
    "id": "0c823a8fe8c7673e",
    "type": "split",
    "children": [
      {
        "id": "3c2ec8a54274e3b9",
        "type": "tabs",
        "children": [
          {
            "id": "3d79d47f509d544a",
            "type": "leaf",
            "state": {
              "type": "backlink",
              "state": {
                "collapseAll": false,
                "extraContext": false,
                "sortOrder": "alphabetical",
                "showSearch": false,
                "searchQuery": "",
                "backlinkCollapsed": false,
                "unlinkedCollapsed": true
              },
              "icon": "links-coming-in",
              "title": "Backlinks"
            }
          },
          {
            "id": "dfb28bb31ac1a640",
            "type": "leaf",
            "state": {
              "type": "outgoing-link",
              "state": {
                "linksCollapsed": false,
                "unlinkedCollapsed": true
              },
              "icon": "links-going-out",
              "title": "Outgoing links"
            }
          },
          {
            "id": "8338dde4cc927ac4",
            "type": "leaf",
            "state": {
              "type": "tag",
              "state": {
                "sortOrder": "frequency",
                "useHierarchy": true,
                "showSearch": false,
                "searchQuery": ""
              },
              "icon": "lucide-tags",
              "title": "Tags"
            }
          },
          {
            "id": "8934d927a9eb659f",
            "type": "leaf",
            "state": {
              "type": "outline",
              "state": {
                "followCursor": false,
                "showSearch": false,
                "searchQuery": ""
              },
              "icon": "lucide-list",
              "title": "Outline"
            }
          },
          {
            "id": "99c07ae11b0cb4b5",
            "type": "leaf",
            "state": {
              "type": "git-view",
              "state": {},
              "icon": "git-pull-request",
              "title": "Source Control"
            }
          }
        ],
        "currentTab": 4
      }
    ],
    "direction": "horizontal",
    "width": 300
  },
  "left-ribbon": {
    "hiddenItems": {
      "bases:Create new base": false,
      "switcher:Open quick switcher": false,
      "graph:Open graph view": false,
      "canvas:Create new canvas": false,
      "daily-notes:Open today's daily note": false,
      "templates:Insert template": false,
      "command-palette:Open command palette": false,
      "obsidian-git:Open Git source control": false,
      "templater-obsidian:Templater": false
    }
  },
  "active": "0a3282c74ce767a4",
  "lastOpenFiles": [
    "Git Test Note.md",
    "New Text Document.txt",
    "Untitled.base",
    "Dragonborn Cities & Towns.md",
    "Story-D-D-Notes",
    "World Ages.md",
    "The Ashen Era (926-1021 A.D. - The Age of Ruin).md",
    "Lesser Gods.md",
    "Main Gods.md",
    "Zephyraxia (Dragonborn Kingdom).md",
    "Area (miles) of each kingdom.md",
    "Untitled 1.base",
    "Untitled 2.base",
    "Aeltherion, the Dawnfather.md",
    "Corbin Blackrose (Blood-Shade).md",
    "Barag-Thol (Dwarven Kingdom).md",
    "Veythra, Keeper of the Hidden Hearth.md",
    "Virra, the Dawn’s Promise.md",
    "Myrris, the Silver Quill.md",
    "Phoryn, the Hollow Blade.md",
    "Gryndar, the Ash-Warden.md",
    "Okrrun, The Stonefather.md",
    "Tavrix, the Gilded Maw.md",
    "Eryss, the Veiled Bloom.md",
    "Selvane, the Blooming Widow.md",
    "Nalyth, the Sky-Weaver.md",
    "Dravok, the Chainbearer.md",
    "Jorrath, the Ember Anvil.md",
    "Religions.md",
    "Main Story Characters.md",
    "The Veilbound Cycle (1532-1849"
  ]
}